{"correlations":[],"stats":{"log_price":{"max":7.6004023345004,"mean":4.7820691083049,"median":0,"min":0,"std":0.71739378450816}}}
