{"correlations":[],"stats":{"log_price":{"std":0.71739378450816,"max":7.6004023345004,"mean":4.7820691083049,"min":0}}}
